college_id,slug,website_url,address,pincode,established_year,accreditation,overview,facilities,hostel_info,source_type,source_url,verification_status,notes
5,iit-bombay,https://www.iitb.ac.in/,"Indian Institute of Technology Bombay, Powai, Mumbai, Maharashtra",400076,1958,"Institute of National Importance (Institutes of Technology Act, 1961)","IIT Bombay is one of India's oldest Indian Institutes of Technology, located in Powai, Mumbai. It offers undergraduate, postgraduate and doctoral programmes in engineering, science, design and management, and is known for its research culture and strong industry links.","Central library, departmental and research laboratories, sports complex, student activity centres, on-campus health centre.",Residential campus with on-campus hostels for students.,curated_sample,https://www.iitb.ac.in/,unverified,General-knowledge sample profile; verify against the institution's official site before publishing.
6,iit-delhi,https://home.iitd.ac.in/,"Indian Institute of Technology Delhi, Hauz Khas, New Delhi",110016,1961,"Institute of National Importance (Institutes of Technology Act, 1961)","IIT Delhi is a public technical institute in Hauz Khas, New Delhi, offering programmes across engineering, science, humanities, management and design, with a large research and startup ecosystem.","Central library, research laboratories, sports facilities, student activity spaces, on-campus health centre.",Residential campus with on-campus hostels for students.,curated_sample,https://home.iitd.ac.in/,unverified,General-knowledge sample profile; verify against the institution's official site before publishing.
17,iit-madras,https://www.iitm.ac.in/,"Indian Institute of Technology Madras, IIT P.O., Chennai, Tamil Nadu",600036,1959,"Institute of National Importance (Institutes of Technology Act, 1961)","IIT Madras is a public technical institute in Chennai offering programmes in engineering, science, humanities and management, along with a well-known research park and online degree offerings.","Central library, research laboratories, sports facilities, research park, on-campus health centre.",Residential campus with on-campus hostels for students.,curated_sample,https://www.iitm.ac.in/,unverified,General-knowledge sample profile; verify against the institution's official site before publishing.
59,iiit-delhi,https://www.iiitd.ac.in/,"Indraprastha Institute of Information Technology Delhi, Okhla Industrial Estate, Phase III, New Delhi",110020,2008,State university established by the Government of NCT of Delhi,"IIIT Delhi is a state university in New Delhi focused on computing, electronics, data science and allied fields, with an emphasis on research-driven teaching.","Library, computing and research laboratories, sports facilities, student clubs.",On-campus hostel facilities available.,curated_sample,https://www.iiitd.ac.in/,unverified,General-knowledge sample profile; verify against the institution's official site before publishing.
75,iim-ahmedabad,https://www.iima.ac.in/,"Indian Institute of Management Ahmedabad, Vastrapur, Ahmedabad, Gujarat",380015,1961,"Institute of National Importance (Indian Institutes of Management Act, 2017)","IIM Ahmedabad is a leading public business school offering postgraduate, doctoral and executive management programmes, known for its case-based pedagogy and highly selective admissions.","Library, classrooms with case-discussion layouts, computing labs, sports facilities, on-campus dining.",Residential campus; students of the flagship programmes are housed on campus.,curated_sample,https://www.iima.ac.in/,unverified,General-knowledge sample profile; verify against the institution's official site before publishing.
98,bits-pilani,https://www.bits-pilani.ac.in/,"BITS Pilani, Vidya Vihar, Pilani, Jhunjhunu, Rajasthan",333031,1964,Deemed to be University; UGC Institution of Eminence,"BITS Pilani is a private deemed university with its main campus in Pilani, Rajasthan, offering engineering, science, pharmacy and management programmes, with additional campuses in other cities.","Library, research and teaching laboratories, sports complex, student clubs, practice-school programme.",Residential campus with on-campus hostels for students.,curated_sample,https://www.bits-pilani.ac.in/,unverified,General-knowledge sample profile; verify against the institution's official site before publishing.
101,aiims-delhi,https://www.aiims.edu/,"All India Institute of Medical Sciences, Sri Aurobindo Marg, Ansari Nagar, New Delhi",110029,1956,"Institute of National Importance (AIIMS Act, 1956)","AIIMS Delhi is India's premier public medical institute, combining undergraduate and postgraduate medical education with a large teaching hospital and research programmes.","Teaching hospital, medical library, research laboratories, sports facilities.",On-campus hostels available for students.,curated_sample,https://www.aiims.edu/,unverified,General-knowledge sample profile; verify against the institution's official site before publishing.
110,aaft-university-of-media-and-arts,https://aaft.com/,,,,,"AAFT University of Media and Arts is a private university in Chhattisgarh offering programmes in media, film, design and other creative fields.",,,curated_sample,https://aaft.com/,unverified,General-knowledge sample profile; verify against the institution's official site before publishing.
613,j-c-bose-university-of-science-and-technology-ymca,https://jcboseust.ac.in/,"J.C. Bose University of Science and Technology, YMCA, Sector 6, Mathura Road, Faridabad, Haryana",121006,1969,"State university, Government of Haryana","J.C. Bose University of Science and Technology, YMCA is a state university in Faridabad, Haryana, that grew out of the YMCA Institute of Engineering (founded 1969) and offers engineering, technology, management and science programmes.","Library, engineering laboratories, computer centre, sports facilities.",Hostel facilities available on campus.,curated_sample,https://jcboseust.ac.in/,unverified,General-knowledge sample profile; verify against the institution's official site before publishing.
796,nalsar-hyderabad,https://nalsar.ac.in/,"NALSAR University of Law, Justice City, Shameerpet, Hyderabad, Telangana",500101,1998,State law university established by statute; recognised by the Bar Council of India,"NALSAR University of Law in Hyderabad is a leading national law university offering undergraduate, postgraduate and doctoral programmes in law and allied disciplines.","Law library, moot court hall, computer lab, sports facilities.",Residential campus with on-campus hostels.,curated_sample,https://nalsar.ac.in/,unverified,General-knowledge sample profile; verify against the institution's official site before publishing.
836,nlsiu-bangalore,https://www.nls.ac.in/,"National Law School of India University, Nagarbhavi, Bengaluru, Karnataka",560072,1987,"Established by the National Law School of India Act, 1986; recognised by the Bar Council of India","NLSIU Bangalore is India's first national law university, offering undergraduate, postgraduate and doctoral programmes in law and related fields.","Law library, moot court hall, computer lab, sports facilities.",Residential campus with on-campus hostels.,curated_sample,https://www.nls.ac.in/,unverified,General-knowledge sample profile; verify against the institution's official site before publishing.
