college_id,established_year,campus_area,accreditation,overview,facilities,hostel_info,website_url,source_type,source_url,source_checked_at,verification_status,notes
101,,,,"AIIMS Delhi is included in the College Discovery MVP as a medical college. This is seed/demo profile content; current programs, admissions, accreditation, facilities, fees and placements should be verified from authoritative sources.",,,https://www.aiims.edu/,synthetic_demo,https://www.aiims.edu/,,reviewed,Synthetic/demo overview only; not an official institutional description. Narrative/detail shell is synthetic/demo; do not present as official institutional copy.
75,,,,"IIM Ahmedabad is included in the College Discovery MVP as a iim. This is seed/demo profile content; current programs, admissions, accreditation, facilities, fees and placements should be verified from authoritative sources.",,,https://www.iima.ac.in/,synthetic_demo,https://www.iima.ac.in/,,reviewed,Synthetic/demo overview only; not an official institutional description. Narrative/detail shell is synthetic/demo; do not present as official institutional copy.
566,,,,"Indian Institute of Science, Bengaluru is included in the College Discovery MVP as a university. This is seed/demo profile content; current programs, admissions, accreditation, facilities, fees and placements should be verified from authoritative sources.",,,,synthetic_demo,,,reviewed,Synthetic/demo overview only; not an official institutional description. Narrative/detail shell is synthetic/demo; do not present as official institutional copy.
17,,,,"IIT Madras is included in the College Discovery MVP as a iit. This is seed/demo profile content; current programs, admissions, accreditation, facilities, fees and placements should be verified from authoritative sources.",,,https://www.iitm.ac.in/,synthetic_demo,https://www.iitm.ac.in/,,reviewed,Synthetic/demo overview only; not an official institutional description. Narrative/detail shell is synthetic/demo; do not present as official institutional copy.
77,,,,"IIM Bangalore is included in the College Discovery MVP as a iim. This is seed/demo profile content; current programs, admissions, accreditation, facilities, fees and placements should be verified from authoritative sources.",,,,synthetic_demo,,,reviewed,Synthetic/demo overview only; not an official institutional description. Narrative/detail shell is synthetic/demo; do not present as official institutional copy.
6,,,,"IIT Delhi is included in the College Discovery MVP as a iit. This is seed/demo profile content; current programs, admissions, accreditation, facilities, fees and placements should be verified from authoritative sources.",,,https://home.iitd.ac.in/,synthetic_demo,https://home.iitd.ac.in/,,reviewed,Synthetic/demo overview only; not an official institutional description. Narrative/detail shell is synthetic/demo; do not present as official institutional copy.
837,,,,"NLU Delhi is included in the College Discovery MVP as a nlu. This is seed/demo profile content; current programs, admissions, accreditation, facilities, fees and placements should be verified from authoritative sources.",,,,synthetic_demo,,,reviewed,Synthetic/demo overview only; not an official institutional description. Narrative/detail shell is synthetic/demo; do not present as official institutional copy.
635,,,,"Jawaharlal Nehru University is included in the College Discovery MVP as a university. This is seed/demo profile content; current programs, admissions, accreditation, facilities, fees and placements should be verified from authoritative sources.",,,,synthetic_demo,,,reviewed,Synthetic/demo overview only; not an official institutional description. Narrative/detail shell is synthetic/demo; do not present as official institutional copy.
83,,,,"IIM Kozhikode is included in the College Discovery MVP as a iim. This is seed/demo profile content; current programs, admissions, accreditation, facilities, fees and placements should be verified from authoritative sources.",,,,synthetic_demo,,,reviewed,Synthetic/demo overview only; not an official institutional description. Narrative/detail shell is synthetic/demo; do not present as official institutional copy.
5,,,,"IIT Bombay is included in the College Discovery MVP as a iit. This is seed/demo profile content; current programs, admissions, accreditation, facilities, fees and placements should be verified from authoritative sources.",,,https://www.iitb.ac.in/,synthetic_demo,https://www.iitb.ac.in/,,reviewed,Synthetic/demo overview only; not an official institutional description. Narrative/detail shell is synthetic/demo; do not present as official institutional copy.
796,,,,"NALSAR Hyderabad is included in the College Discovery MVP as a nlu. This is seed/demo profile content; current programs, admissions, accreditation, facilities, fees and placements should be verified from authoritative sources.",,,https://nalsar.ac.in/,synthetic_demo,https://nalsar.ac.in/,,reviewed,Synthetic/demo overview only; not an official institutional description. Narrative/detail shell is synthetic/demo; do not present as official institutional copy.
627,,,,"Jamia Millia Islamia is included in the College Discovery MVP as a university. This is seed/demo profile content; current programs, admissions, accreditation, facilities, fees and placements should be verified from authoritative sources.",,,,synthetic_demo,,,reviewed,Synthetic/demo overview only; not an official institutional description. Narrative/detail shell is synthetic/demo; do not present as official institutional copy.
15,,,,"IIT Kanpur is included in the College Discovery MVP as a iit. This is seed/demo profile content; current programs, admissions, accreditation, facilities, fees and placements should be verified from authoritative sources.",,,,synthetic_demo,,,reviewed,Synthetic/demo overview only; not an official institutional description. Narrative/detail shell is synthetic/demo; do not present as official institutional copy.
741,,,,"Manipal Academy of Higher Education, Manipal is included in the College Discovery MVP as a university. This is seed/demo profile content; current programs, admissions, accreditation, facilities, fees and placements should be verified from authoritative sources.",,,,synthetic_demo,,,reviewed,Synthetic/demo overview only; not an official institutional description. Narrative/detail shell is synthetic/demo; do not present as official institutional copy.
84,,,,"IIM Lucknow is included in the College Discovery MVP as a iim. This is seed/demo profile content; current programs, admissions, accreditation, facilities, fees and placements should be verified from authoritative sources.",,,,synthetic_demo,,,reviewed,Synthetic/demo overview only; not an official institutional description. Narrative/detail shell is synthetic/demo; do not present as official institutional copy.
16,,,,"IIT Kharagpur is included in the College Discovery MVP as a iit. This is seed/demo profile content; current programs, admissions, accreditation, facilities, fees and placements should be verified from authoritative sources.",,,,synthetic_demo,,,reviewed,Synthetic/demo overview only; not an official institutional description. Narrative/detail shell is synthetic/demo; do not present as official institutional copy.
237,,,,"BHU Varanasi is included in the College Discovery MVP as a university. This is seed/demo profile content; current programs, admissions, accreditation, facilities, fees and placements should be verified from authoritative sources.",,,,synthetic_demo,,,reviewed,Synthetic/demo overview only; not an official institutional description. Narrative/detail shell is synthetic/demo; do not present as official institutional copy.
207,,,,"Banaras Hindu University is included in the College Discovery MVP as a university. This is seed/demo profile content; current programs, admissions, accreditation, facilities, fees and placements should be verified from authoritative sources.",,,,synthetic_demo,,,reviewed,Synthetic/demo overview only; not an official institutional description. Narrative/detail shell is synthetic/demo; do not present as official institutional copy.
447,,,,"GNLU Gandhinagar is included in the College Discovery MVP as a nlu. This is seed/demo profile content; current programs, admissions, accreditation, facilities, fees and placements should be verified from authoritative sources.",,,,synthetic_demo,,,reviewed,Synthetic/demo overview only; not an official institutional description. Narrative/detail shell is synthetic/demo; do not present as official institutional copy.
85,,,,"IIM Mumbai is included in the College Discovery MVP as a iim. This is seed/demo profile content; current programs, admissions, accreditation, facilities, fees and placements should be verified from authoritative sources.",,,,synthetic_demo,,,reviewed,Synthetic/demo overview only; not an official institutional description. Narrative/detail shell is synthetic/demo; do not present as official institutional copy.
21,,,,"IIT Roorkee is included in the College Discovery MVP as a iit. This is seed/demo profile content; current programs, admissions, accreditation, facilities, fees and placements should be verified from authoritative sources.",,,,synthetic_demo,,,reviewed,Synthetic/demo overview only; not an official institutional description. Narrative/detail shell is synthetic/demo; do not present as official institutional copy.
1140,,,,"University of Delhi is included in the College Discovery MVP as a university. This is seed/demo profile content; current programs, admissions, accreditation, facilities, fees and placements should be verified from authoritative sources.",,,,synthetic_demo,,,reviewed,Synthetic/demo overview only; not an official institutional description. Narrative/detail shell is synthetic/demo; do not present as official institutional copy.
79,,,,"IIM Calcutta is included in the College Discovery MVP as a iim. This is seed/demo profile content; current programs, admissions, accreditation, facilities, fees and placements should be verified from authoritative sources.",,,,synthetic_demo,,,reviewed,Synthetic/demo overview only; not an official institutional description. Narrative/detail shell is synthetic/demo; do not present as official institutional copy.
11,,,,"IIT Hyderabad is included in the College Discovery MVP as a iit. This is seed/demo profile content; current programs, admissions, accreditation, facilities, fees and placements should be verified from authoritative sources.",,,,synthetic_demo,,,reviewed,Synthetic/demo overview only; not an official institutional description. Narrative/detail shell is synthetic/demo; do not present as official institutional copy.
153,,,,"Amrita Vishwa Vidyapeetham is included in the College Discovery MVP as a university. This is seed/demo profile content; current programs, admissions, accreditation, facilities, fees and placements should be verified from authoritative sources.",,,,synthetic_demo,,,reviewed,Synthetic/demo overview only; not an official institutional description. Narrative/detail shell is synthetic/demo; do not present as official institutional copy.
80,,,,"IIM Indore is included in the College Discovery MVP as a iim. This is seed/demo profile content; current programs, admissions, accreditation, facilities, fees and placements should be verified from authoritative sources.",,,,synthetic_demo,,,reviewed,Synthetic/demo overview only; not an official institutional description. Narrative/detail shell is synthetic/demo; do not present as official institutional copy.
10,,,,"IIT Guwahati is included in the College Discovery MVP as a iit. This is seed/demo profile content; current programs, admissions, accreditation, facilities, fees and placements should be verified from authoritative sources.",,,,synthetic_demo,,,reviewed,Synthetic/demo overview only; not an official institutional description. Narrative/detail shell is synthetic/demo; do not present as official institutional copy.
128,,,,"Aligarh Muslim University is included in the College Discovery MVP as a university. This is seed/demo profile content; current programs, admissions, accreditation, facilities, fees and placements should be verified from authoritative sources.",,,,synthetic_demo,,,reviewed,Synthetic/demo overview only; not an official institutional description. Narrative/detail shell is synthetic/demo; do not present as official institutional copy.
838,,,,"NLU Jodhpur is included in the College Discovery MVP as a nlu. This is seed/demo profile content; current programs, admissions, accreditation, facilities, fees and placements should be verified from authoritative sources.",,,,synthetic_demo,,,reviewed,Synthetic/demo overview only; not an official institutional description. Narrative/detail shell is synthetic/demo; do not present as official institutional copy.
50,,,,"NIT Trichy is included in the College Discovery MVP as a nit. This is seed/demo profile content; current programs, admissions, accreditation, facilities, fees and placements should be verified from authoritative sources.",,,,synthetic_demo,,,reviewed,Synthetic/demo overview only; not an official institutional description. Narrative/detail shell is synthetic/demo; do not present as official institutional copy.
155,,,,"AMU Aligarh is included in the College Discovery MVP as a university. This is seed/demo profile content; current programs, admissions, accreditation, facilities, fees and placements should be verified from authoritative sources.",,,,synthetic_demo,,,reviewed,Synthetic/demo overview only; not an official institutional description. Narrative/detail shell is synthetic/demo; do not present as official institutional copy.
616,,,,"Jadavpur University is included in the College Discovery MVP as a university. This is seed/demo profile content; current programs, admissions, accreditation, facilities, fees and placements should be verified from authoritative sources.",,,,synthetic_demo,,,reviewed,Synthetic/demo overview only; not an official institutional description. Narrative/detail shell is synthetic/demo; do not present as official institutional copy.
3,,,,"IIT BHU Varanasi is included in the College Discovery MVP as a iit. This is seed/demo profile content; current programs, admissions, accreditation, facilities, fees and placements should be verified from authoritative sources.",,,,synthetic_demo,,,reviewed,Synthetic/demo overview only; not an official institutional description. Narrative/detail shell is synthetic/demo; do not present as official institutional copy.
1167,,,,"Vellore Institute of Technology is included in the College Discovery MVP as a university. This is seed/demo profile content; current programs, admissions, accreditation, facilities, fees and placements should be verified from authoritative sources.",,,,synthetic_demo,,,reviewed,Synthetic/demo overview only; not an official institutional description. Narrative/detail shell is synthetic/demo; do not present as official institutional copy.
98,,,,"BITS Pilani is included in the College Discovery MVP as a college. This is seed/demo profile content; current programs, admissions, accreditation, facilities, fees and placements should be verified from authoritative sources.",,,https://www.bits-pilani.ac.in/,synthetic_demo,https://www.bits-pilani.ac.in/,,reviewed,Synthetic/demo overview only; not an official institutional description. Narrative/detail shell is synthetic/demo; do not present as official institutional copy.
979,,,,"Saveetha Institute of Medical and Technical Sciences is included in the College Discovery MVP as a university. This is seed/demo profile content; current programs, admissions, accreditation, facilities, fees and placements should be verified from authoritative sources.",,,,synthetic_demo,,,reviewed,Synthetic/demo overview only; not an official institutional description. Narrative/detail shell is synthetic/demo; do not present as official institutional copy.
12,,,,"IIT Indore is included in the College Discovery MVP as a iit. This is seed/demo profile content; current programs, admissions, accreditation, facilities, fees and placements should be verified from authoritative sources.",,,,synthetic_demo,,,reviewed,Synthetic/demo overview only; not an official institutional description. Narrative/detail shell is synthetic/demo; do not present as official institutional copy.
835,,,,"NLIU Bhopal is included in the College Discovery MVP as a nlu. This is seed/demo profile content; current programs, admissions, accreditation, facilities, fees and placements should be verified from authoritative sources.",,,,synthetic_demo,,,reviewed,Synthetic/demo overview only; not an official institutional description. Narrative/detail shell is synthetic/demo; do not present as official institutional copy.
954,,,,"S.R.M. Institute of Science and Technology is included in the College Discovery MVP as a university. This is seed/demo profile content; current programs, admissions, accreditation, facilities, fees and placements should be verified from authoritative sources.",,,,synthetic_demo,,,reviewed,Synthetic/demo overview only; not an official institutional description. Narrative/detail shell is synthetic/demo; do not present as official institutional copy.
109,,,,"AIIMS Rishikesh is included in the College Discovery MVP as a medical college. This is seed/demo profile content; current programs, admissions, accreditation, facilities, fees and placements should be verified from authoritative sources.",,,,synthetic_demo,,,reviewed,Synthetic/demo overview only; not an official institutional description. Narrative/detail shell is synthetic/demo; do not present as official institutional copy.
45,,,,"NIT Rourkela is included in the College Discovery MVP as a nit. This is seed/demo profile content; current programs, admissions, accreditation, facilities, fees and placements should be verified from authoritative sources.",,,,synthetic_demo,,,reviewed,Synthetic/demo overview only; not an official institutional description. Narrative/detail shell is synthetic/demo; do not present as official institutional copy.
158,,,,"Anna University is included in the College Discovery MVP as a university. This is seed/demo profile content; current programs, admissions, accreditation, facilities, fees and placements should be verified from authoritative sources.",,,,synthetic_demo,,,reviewed,Synthetic/demo overview only; not an official institutional description. Narrative/detail shell is synthetic/demo; do not present as official institutional copy.
100,,,,"AIIMS Bhubaneswar is included in the College Discovery MVP as a medical college. This is seed/demo profile content; current programs, admissions, accreditation, facilities, fees and placements should be verified from authoritative sources.",,,,synthetic_demo,,,reviewed,Synthetic/demo overview only; not an official institutional description. Narrative/detail shell is synthetic/demo; do not present as official institutional copy.
1185,,,,"VIT Vellore is included in the College Discovery MVP as a college. This is seed/demo profile content; current programs, admissions, accreditation, facilities, fees and placements should be verified from authoritative sources.",,,,synthetic_demo,,,reviewed,Synthetic/demo overview only; not an official institutional description. Narrative/detail shell is synthetic/demo; do not present as official institutional copy.
1026,,,,"Siksha `O` Anusandhan is included in the College Discovery MVP as a university. This is seed/demo profile content; current programs, admissions, accreditation, facilities, fees and placements should be verified from authoritative sources.",,,,synthetic_demo,,,reviewed,Synthetic/demo overview only; not an official institutional description. Narrative/detail shell is synthetic/demo; do not present as official institutional copy.
1,,,,"IIT (ISM) Dhanbad is included in the College Discovery MVP as a iit. This is seed/demo profile content; current programs, admissions, accreditation, facilities, fees and placements should be verified from authoritative sources.",,,,synthetic_demo,,,reviewed,Synthetic/demo overview only; not an official institutional description. Narrative/detail shell is synthetic/demo; do not present as official institutional copy.
656,,,,"Kalinga Institute of Industrial Technology is included in the College Discovery MVP as a university. This is seed/demo profile content; current programs, admissions, accreditation, facilities, fees and placements should be verified from authoritative sources.",,,,synthetic_demo,,,reviewed,Synthetic/demo overview only; not an official institutional description. Narrative/detail shell is synthetic/demo; do not present as official institutional copy.
87,,,,"IIM Raipur is included in the College Discovery MVP as a iim. This is seed/demo profile content; current programs, admissions, accreditation, facilities, fees and placements should be verified from authoritative sources.",,,,synthetic_demo,,,reviewed,Synthetic/demo overview only; not an official institutional description. Narrative/detail shell is synthetic/demo; do not present as official institutional copy.
531,,,,"Homi Bhabha National Institute is included in the College Discovery MVP as a university. This is seed/demo profile content; current programs, admissions, accreditation, facilities, fees and placements should be verified from authoritative sources.",,,,synthetic_demo,,,reviewed,Synthetic/demo overview only; not an official institutional description. Narrative/detail shell is synthetic/demo; do not present as official institutional copy.
103,,,,"AIIMS Jodhpur is included in the College Discovery MVP as a medical college. This is seed/demo profile content; current programs, admissions, accreditation, facilities, fees and placements should be verified from authoritative sources.",,,,synthetic_demo,,,reviewed,Synthetic/demo overview only; not an official institutional description. Narrative/detail shell is synthetic/demo; do not present as official institutional copy.
93,,,,"IIM Tiruchirappalli is included in the College Discovery MVP as a iim. This is seed/demo profile content; current programs, admissions, accreditation, facilities, fees and placements should be verified from authoritative sources.",,,,synthetic_demo,,,reviewed,Synthetic/demo overview only; not an official institutional description. Narrative/detail shell is synthetic/demo; do not present as official institutional copy.
1142,,,,"University of Hyderabad is included in the College Discovery MVP as a university. This is seed/demo profile content; current programs, admissions, accreditation, facilities, fees and placements should be verified from authoritative sources.",,,,synthetic_demo,,,reviewed,Synthetic/demo overview only; not an official institutional description. Narrative/detail shell is synthetic/demo; do not present as official institutional copy.
49,,,,"NIT Surathkal is included in the College Discovery MVP as a nit. This is seed/demo profile content; current programs, admissions, accreditation, facilities, fees and placements should be verified from authoritative sources.",,,,synthetic_demo,,,reviewed,Synthetic/demo overview only; not an official institutional description. Narrative/detail shell is synthetic/demo; do not present as official institutional copy.
88,,,,"IIM Ranchi is included in the College Discovery MVP as a iim. This is seed/demo profile content; current programs, admissions, accreditation, facilities, fees and placements should be verified from authoritative sources.",,,,synthetic_demo,,,reviewed,Synthetic/demo overview only; not an official institutional description. Narrative/detail shell is synthetic/demo; do not present as official institutional copy.
258,,,,"Calcutta University is included in the College Discovery MVP as a university. This is seed/demo profile content; current programs, admissions, accreditation, facilities, fees and placements should be verified from authoritative sources.",,,,synthetic_demo,,,reviewed,Synthetic/demo overview only; not an official institutional description. Narrative/detail shell is synthetic/demo; do not present as official institutional copy.
244,,,,"Birla Institute of Technology and Science, Pilani is included in the College Discovery MVP as a university. This is seed/demo profile content; current programs, admissions, accreditation, facilities, fees and placements should be verified from authoritative sources.",,,,synthetic_demo,,,reviewed,Synthetic/demo overview only; not an official institutional description. Narrative/detail shell is synthetic/demo; do not present as official institutional copy.
20,,,,"IIT Patna is included in the College Discovery MVP as a iit. This is seed/demo profile content; current programs, admissions, accreditation, facilities, fees and placements should be verified from authoritative sources.",,,,synthetic_demo,,,reviewed,Synthetic/demo overview only; not an official institutional description. Narrative/detail shell is synthetic/demo; do not present as official institutional copy.
89,,,,"IIM Rohtak is included in the College Discovery MVP as a iim. This is seed/demo profile content; current programs, admissions, accreditation, facilities, fees and placements should be verified from authoritative sources.",,,,synthetic_demo,,,reviewed,Synthetic/demo overview only; not an official institutional description. Narrative/detail shell is synthetic/demo; do not present as official institutional copy.
286,,,,"Chandigarh University is included in the College Discovery MVP as a university. This is seed/demo profile content; current programs, admissions, accreditation, facilities, fees and placements should be verified from authoritative sources.",,,,synthetic_demo,,,reviewed,Synthetic/demo overview only; not an official institutional description. Narrative/detail shell is synthetic/demo; do not present as official institutional copy.
94,,,,"IIM Udaipur is included in the College Discovery MVP as a iim. This is seed/demo profile content; current programs, admissions, accreditation, facilities, fees and placements should be verified from authoritative sources.",,,,synthetic_demo,,,reviewed,Synthetic/demo overview only; not an official institutional description. Narrative/detail shell is synthetic/demo; do not present as official institutional copy.
31,,,,"NIT Calicut is included in the College Discovery MVP as a nit. This is seed/demo profile content; current programs, admissions, accreditation, facilities, fees and placements should be verified from authoritative sources.",,,,synthetic_demo,,,reviewed,Synthetic/demo overview only; not an official institutional description. Narrative/detail shell is synthetic/demo; do not present as official institutional copy.
670,,,,"Kerala University is included in the College Discovery MVP as a university. This is seed/demo profile content; current programs, admissions, accreditation, facilities, fees and placements should be verified from authoritative sources.",,,,synthetic_demo,,,reviewed,Synthetic/demo overview only; not an official institutional description. Narrative/detail shell is synthetic/demo; do not present as official institutional copy.
148,,,,"Amity University Noida is included in the College Discovery MVP as a university. This is seed/demo profile content; current programs, admissions, accreditation, facilities, fees and placements should be verified from authoritative sources.",,,,synthetic_demo,,,reviewed,Synthetic/demo overview only; not an official institutional description. Narrative/detail shell is synthetic/demo; do not present as official institutional copy.
685,,,,"Koneru Lakshmaiah Education Foundation University (K L College of Engineering) is included in the College Discovery MVP as a university. This is seed/demo profile content; current programs, admissions, accreditation, facilities, fees and placements should be verified from authoritative sources.",,,,synthetic_demo,,,reviewed,Synthetic/demo overview only; not an official institutional description. Narrative/detail shell is synthetic/demo; do not present as official institutional copy.
980,,,,"Savitribai Phule Pune University is included in the College Discovery MVP as a university. This is seed/demo profile content; current programs, admissions, accreditation, facilities, fees and placements should be verified from authoritative sources.",,,,synthetic_demo,,,reviewed,Synthetic/demo overview only; not an official institutional description. Narrative/detail shell is synthetic/demo; do not present as official institutional copy.
82,,,,"IIM Kashipur is included in the College Discovery MVP as a iim. This is seed/demo profile content; current programs, admissions, accreditation, facilities, fees and placements should be verified from authoritative sources.",,,,synthetic_demo,,,reviewed,Synthetic/demo overview only; not an official institutional description. Narrative/detail shell is synthetic/demo; do not present as official institutional copy.
649,,,,"JSS Academy of Higher Education and Research is included in the College Discovery MVP as a university. This is seed/demo profile content; current programs, admissions, accreditation, facilities, fees and placements should be verified from authoritative sources.",,,,synthetic_demo,,,reviewed,Synthetic/demo overview only; not an official institutional description. Narrative/detail shell is synthetic/demo; do not present as official institutional copy.
99,,,,"AIIMS Bhopal is included in the College Discovery MVP as a medical college. This is seed/demo profile content; current programs, admissions, accreditation, facilities, fees and placements should be verified from authoritative sources.",,,,synthetic_demo,,,reviewed,Synthetic/demo overview only; not an official institutional description. Narrative/detail shell is synthetic/demo; do not present as official institutional copy.
8,,,,"IIT Gandhinagar is included in the College Discovery MVP as a iit. This is seed/demo profile content; current programs, admissions, accreditation, facilities, fees and placements should be verified from authoritative sources.",,,,synthetic_demo,,,reviewed,Synthetic/demo overview only; not an official institutional description. Narrative/detail shell is synthetic/demo; do not present as official institutional copy.
86,,,,"IIM Nagpur is included in the College Discovery MVP as a iim. This is seed/demo profile content; current programs, admissions, accreditation, facilities, fees and placements should be verified from authoritative sources.",,,,synthetic_demo,,,reviewed,Synthetic/demo overview only; not an official institutional description. Narrative/detail shell is synthetic/demo; do not present as official institutional copy.
157,,,,"Andhra University is included in the College Discovery MVP as a university. This is seed/demo profile content; current programs, admissions, accreditation, facilities, fees and placements should be verified from authoritative sources.",,,,synthetic_demo,,,reviewed,Synthetic/demo overview only; not an official institutional description. Narrative/detail shell is synthetic/demo; do not present as official institutional copy.
18,,,,"IIT Mandi is included in the College Discovery MVP as a iit. This is seed/demo profile content; current programs, admissions, accreditation, facilities, fees and placements should be verified from authoritative sources.",,,,synthetic_demo,,,reviewed,Synthetic/demo overview only; not an official institutional description. Narrative/detail shell is synthetic/demo; do not present as official institutional copy.
226,,,,"Bharathiar University is included in the College Discovery MVP as a university. This is seed/demo profile content; current programs, admissions, accreditation, facilities, fees and placements should be verified from authoritative sources.",,,,synthetic_demo,,,reviewed,Synthetic/demo overview only; not an official institutional description. Narrative/detail shell is synthetic/demo; do not present as official institutional copy.
14,,,,"IIT Jodhpur is included in the College Discovery MVP as a iit. This is seed/demo profile content; current programs, admissions, accreditation, facilities, fees and placements should be verified from authoritative sources.",,,,synthetic_demo,,,reviewed,Synthetic/demo overview only; not an official institutional description. Narrative/detail shell is synthetic/demo; do not present as official institutional copy.
107,,,,"AIIMS Patna is included in the College Discovery MVP as a medical college. This is seed/demo profile content; current programs, admissions, accreditation, facilities, fees and placements should be verified from authoritative sources.",,,,synthetic_demo,,,reviewed,Synthetic/demo overview only; not an official institutional description. Narrative/detail shell is synthetic/demo; do not present as official institutional copy.
706,,,,"Lovely Professional University is included in the College Discovery MVP as a university. This is seed/demo profile content; current programs, admissions, accreditation, facilities, fees and placements should be verified from authoritative sources.",,,,synthetic_demo,,,reviewed,Synthetic/demo overview only; not an official institutional description. Narrative/detail shell is synthetic/demo; do not present as official institutional copy.
53,,,,"NIT Warangal is included in the College Discovery MVP as a nit. This is seed/demo profile content; current programs, admissions, accreditation, facilities, fees and placements should be verified from authoritative sources.",,,,synthetic_demo,,,reviewed,Synthetic/demo overview only; not an official institutional description. Narrative/detail shell is synthetic/demo; do not present as official institutional copy.
990,,,,"Shanmugha Arts Science Technology and Research Academy is included in the College Discovery MVP as a university. This is seed/demo profile content; current programs, admissions, accreditation, facilities, fees and placements should be verified from authoritative sources.",,,,synthetic_demo,,,reviewed,Synthetic/demo overview only; not an official institutional description. Narrative/detail shell is synthetic/demo; do not present as official institutional copy.
1106,,,,"Thapar Institute of Engineering and Technology (Deemed-to-be-university) is included in the College Discovery MVP as a university. This is seed/demo profile content; current programs, admissions, accreditation, facilities, fees and placements should be verified from authoritative sources.",,,,synthetic_demo,,,reviewed,Synthetic/demo overview only; not an official institutional description. Narrative/detail shell is synthetic/demo; do not present as official institutional copy.
95,,,,"IIM Visakhapatnam is included in the College Discovery MVP as a iim. This is seed/demo profile content; current programs, admissions, accreditation, facilities, fees and placements should be verified from authoritative sources.",,,,synthetic_demo,,,reviewed,Synthetic/demo overview only; not an official institutional description. Narrative/detail shell is synthetic/demo; do not present as official institutional copy.
655,,,,"Kalasalingam Academy of Research and Education is included in the College Discovery MVP as a university. This is seed/demo profile content; current programs, admissions, accreditation, facilities, fees and placements should be verified from authoritative sources.",,,,synthetic_demo,,,reviewed,Synthetic/demo overview only; not an official institutional description. Narrative/detail shell is synthetic/demo; do not present as official institutional copy.
1093,,,,"Symbiosis International is included in the College Discovery MVP as a university. This is seed/demo profile content; current programs, admissions, accreditation, facilities, fees and placements should be verified from authoritative sources.",,,,synthetic_demo,,,reviewed,Synthetic/demo overview only; not an official institutional description. Narrative/detail shell is synthetic/demo; do not present as official institutional copy.
108,,,,"AIIMS Raipur is included in the College Discovery MVP as a medical college. This is seed/demo profile content; current programs, admissions, accreditation, facilities, fees and placements should be verified from authoritative sources.",,,,synthetic_demo,,,reviewed,Synthetic/demo overview only; not an official institutional description. Narrative/detail shell is synthetic/demo; do not present as official institutional copy.
78,,,,"IIM Bodh Gaya is included in the College Discovery MVP as a iim. This is seed/demo profile content; current programs, admissions, accreditation, facilities, fees and placements should be verified from authoritative sources.",,,,synthetic_demo,,,reviewed,Synthetic/demo overview only; not an official institutional description. Narrative/detail shell is synthetic/demo; do not present as official institutional copy.
22,,,,"IIT Ropar is included in the College Discovery MVP as a iit. This is seed/demo profile content; current programs, admissions, accreditation, facilities, fees and placements should be verified from authoritative sources.",,,,synthetic_demo,,,reviewed,Synthetic/demo overview only; not an official institutional description. Narrative/detail shell is synthetic/demo; do not present as official institutional copy.
143,,,,"Amity University is included in the College Discovery MVP as a university. This is seed/demo profile content; current programs, admissions, accreditation, facilities, fees and placements should be verified from authoritative sources.",,,,synthetic_demo,,,reviewed,Synthetic/demo overview only; not an official institutional description. Narrative/detail shell is synthetic/demo; do not present as official institutional copy.
202,,,,"Babasaheb Bhimrao Ambedkar University is included in the College Discovery MVP as a university. This is seed/demo profile content; current programs, admissions, accreditation, facilities, fees and placements should be verified from authoritative sources.",,,,synthetic_demo,,,reviewed,Synthetic/demo overview only; not an official institutional description. Narrative/detail shell is synthetic/demo; do not present as official institutional copy.
317,,,,"Cochin University of Science and Technology is included in the College Discovery MVP as a university. This is seed/demo profile content; current programs, admissions, accreditation, facilities, fees and placements should be verified from authoritative sources.",,,,synthetic_demo,,,reviewed,Synthetic/demo overview only; not an official institutional description. Narrative/detail shell is synthetic/demo; do not present as official institutional copy.
90,,,,"IIM Sambalpur is included in the College Discovery MVP as a iim. This is seed/demo profile content; current programs, admissions, accreditation, facilities, fees and placements should be verified from authoritative sources.",,,,synthetic_demo,,,reviewed,Synthetic/demo overview only; not an official institutional description. Narrative/detail shell is synthetic/demo; do not present as official institutional copy.
587,,,,"Institute of Chemical Technology is included in the College Discovery MVP as a university. This is seed/demo profile content; current programs, admissions, accreditation, facilities, fees and placements should be verified from authoritative sources.",,,,synthetic_demo,,,reviewed,Synthetic/demo overview only; not an official institutional description. Narrative/detail shell is synthetic/demo; do not present as official institutional copy.
106,,,,"AIIMS Nagpur is included in the College Discovery MVP as a medical college. This is seed/demo profile content; current programs, admissions, accreditation, facilities, fees and placements should be verified from authoritative sources.",,,,synthetic_demo,,,reviewed,Synthetic/demo overview only; not an official institutional description. Narrative/detail shell is synthetic/demo; do not present as official institutional copy.
130,,,,"Allahabad University is included in the College Discovery MVP as a university. This is seed/demo profile content; current programs, admissions, accreditation, facilities, fees and placements should be verified from authoritative sources.",,,,synthetic_demo,,,reviewed,Synthetic/demo overview only; not an official institutional description. Narrative/detail shell is synthetic/demo; do not present as official institutional copy.
81,,,,"IIM Jammu is included in the College Discovery MVP as a iim. This is seed/demo profile content; current programs, admissions, accreditation, facilities, fees and placements should be verified from authoritative sources.",,,,synthetic_demo,,,reviewed,Synthetic/demo overview only; not an official institutional description. Narrative/detail shell is synthetic/demo; do not present as official institutional copy.
227,,,,"Bharathidasan University is included in the College Discovery MVP as a university. This is seed/demo profile content; current programs, admissions, accreditation, facilities, fees and placements should be verified from authoritative sources.",,,,synthetic_demo,,,reviewed,Synthetic/demo overview only; not an official institutional description. Narrative/detail shell is synthetic/demo; do not present as official institutional copy.
728,,,,"Mahatma Gandhi University is included in the College Discovery MVP as a university. This is seed/demo profile content; current programs, admissions, accreditation, facilities, fees and placements should be verified from authoritative sources.",,,,synthetic_demo,,,reviewed,Synthetic/demo overview only; not an official institutional description. Narrative/detail shell is synthetic/demo; do not present as official institutional copy.
61,,,,"IIIT Hyderabad is included in the College Discovery MVP as a iiit. This is seed/demo profile content; current programs, admissions, accreditation, facilities, fees and placements should be verified from authoritative sources.",,,,synthetic_demo,,,reviewed,Synthetic/demo overview only; not an official institutional description. Narrative/detail shell is synthetic/demo; do not present as official institutional copy.
91,,,,"IIM Shillong is included in the College Discovery MVP as a iim. This is seed/demo profile content; current programs, admissions, accreditation, facilities, fees and placements should be verified from authoritative sources.",,,,synthetic_demo,,,reviewed,Synthetic/demo overview only; not an official institutional description. Narrative/detail shell is synthetic/demo; do not present as official institutional copy.
102,,,,"AIIMS Gorakhpur is included in the College Discovery MVP as a medical college. This is seed/demo profile content; current programs, admissions, accreditation, facilities, fees and placements should be verified from authoritative sources.",,,,synthetic_demo,,,reviewed,Synthetic/demo overview only; not an official institutional description. Narrative/detail shell is synthetic/demo; do not present as official institutional copy.
866,,,,"Panjab University is included in the College Discovery MVP as a university. This is seed/demo profile content; current programs, admissions, accreditation, facilities, fees and placements should be verified from authoritative sources.",,,,synthetic_demo,,,reviewed,Synthetic/demo overview only; not an official institutional description. Narrative/detail shell is synthetic/demo; do not present as official institutional copy.
4,,,,"IIT Bhubaneswar is included in the College Discovery MVP as a iit. This is seed/demo profile content; current programs, admissions, accreditation, facilities, fees and placements should be verified from authoritative sources.",,,,synthetic_demo,,,reviewed,Synthetic/demo overview only; not an official institutional description. Narrative/detail shell is synthetic/demo; do not present as official institutional copy.
1146,,,,"University of Madras is included in the College Discovery MVP as a university. This is seed/demo profile content; current programs, admissions, accreditation, facilities, fees and placements should be verified from authoritative sources.",,,,synthetic_demo,,,reviewed,Synthetic/demo overview only; not an official institutional description. Narrative/detail shell is synthetic/demo; do not present as official institutional copy.
104,,,,"AIIMS Kalyani is included in the College Discovery MVP as a medical college. This is seed/demo profile content; current programs, admissions, accreditation, facilities, fees and placements should be verified from authoritative sources.",,,,synthetic_demo,,,reviewed,Synthetic/demo overview only; not an official institutional description. Narrative/detail shell is synthetic/demo; do not present as official institutional copy.
428,,,,"Gauhati University is included in the College Discovery MVP as a university. This is seed/demo profile content; current programs, admissions, accreditation, facilities, fees and placements should be verified from authoritative sources.",,,,synthetic_demo,,,reviewed,Synthetic/demo overview only; not an official institutional description. Narrative/detail shell is synthetic/demo; do not present as official institutional copy.
626,,,,"Jamia Hamdard is included in the College Discovery MVP as a university. This is seed/demo profile content; current programs, admissions, accreditation, facilities, fees and placements should be verified from authoritative sources.",,,,synthetic_demo,,,reviewed,Synthetic/demo overview only; not an official institutional description. Narrative/detail shell is synthetic/demo; do not present as official institutional copy.
25,,,,"MNIT Jaipur is included in the College Discovery MVP as a nit. This is seed/demo profile content; current programs, admissions, accreditation, facilities, fees and placements should be verified from authoritative sources.",,,,synthetic_demo,,,reviewed,Synthetic/demo overview only; not an official institutional description. Narrative/detail shell is synthetic/demo; do not present as official institutional copy.
335,,,,"Datta Meghe Institute of Higher Education and Research is included in the College Discovery MVP as a university. This is seed/demo profile content; current programs, admissions, accreditation, facilities, fees and placements should be verified from authoritative sources.",,,,synthetic_demo,,,reviewed,Synthetic/demo overview only; not an official institutional description. Narrative/detail shell is synthetic/demo; do not present as official institutional copy.
855,,,,"Osmania University is included in the College Discovery MVP as a university. This is seed/demo profile content; current programs, admissions, accreditation, facilities, fees and placements should be verified from authoritative sources.",,,,synthetic_demo,,,reviewed,Synthetic/demo overview only; not an official institutional description. Narrative/detail shell is synthetic/demo; do not present as official institutional copy.
54,,,,"VNIT Nagpur is included in the College Discovery MVP as a nit. This is seed/demo profile content; current programs, admissions, accreditation, facilities, fees and placements should be verified from authoritative sources.",,,,synthetic_demo,,,reviewed,Synthetic/demo overview only; not an official institutional description. Narrative/detail shell is synthetic/demo; do not present as official institutional copy.
392,,,,"Dr. D. Y. Patil Vidyapeeth is included in the College Discovery MVP as a university. This is seed/demo profile content; current programs, admissions, accreditation, facilities, fees and placements should be verified from authoritative sources.",,,,synthetic_demo,,,reviewed,Synthetic/demo overview only; not an official institutional description. Narrative/detail shell is synthetic/demo; do not present as official institutional copy.
96,,,,"BITS Goa is included in the College Discovery MVP as a college. This is seed/demo profile content; current programs, admissions, accreditation, facilities, fees and placements should be verified from authoritative sources.",,,,synthetic_demo,,,reviewed,Synthetic/demo overview only; not an official institutional description. Narrative/detail shell is synthetic/demo; do not present as official institutional copy.
105,,,,"AIIMS Mangalagiri is included in the College Discovery MVP as a medical college. This is seed/demo profile content; current programs, admissions, accreditation, facilities, fees and placements should be verified from authoritative sources.",,,,synthetic_demo,,,reviewed,Synthetic/demo overview only; not an official institutional description. Narrative/detail shell is synthetic/demo; do not present as official institutional copy.
1144,,,,"University of Kashmir is included in the College Discovery MVP as a university. This is seed/demo profile content; current programs, admissions, accreditation, facilities, fees and placements should be verified from authoritative sources.",,,,synthetic_demo,,,reviewed,Synthetic/demo overview only; not an official institutional description. Narrative/detail shell is synthetic/demo; do not present as official institutional copy.
1149,,,,"UPES is included in the College Discovery MVP as a university. This is seed/demo profile content; current programs, admissions, accreditation, facilities, fees and placements should be verified from authoritative sources.",,,,synthetic_demo,,,reviewed,Synthetic/demo overview only; not an official institutional description. Narrative/detail shell is synthetic/demo; do not present as official institutional copy.
127,,,,"Alagappa University is included in the College Discovery MVP as a university. This is seed/demo profile content; current programs, admissions, accreditation, facilities, fees and placements should be verified from authoritative sources.",,,,synthetic_demo,,,reviewed,Synthetic/demo overview only; not an official institutional description. Narrative/detail shell is synthetic/demo; do not present as official institutional copy.
352,,,,"Delhi Technological University is included in the College Discovery MVP as a university. This is seed/demo profile content; current programs, admissions, accreditation, facilities, fees and placements should be verified from authoritative sources.",,,,synthetic_demo,,,reviewed,Synthetic/demo overview only; not an official institutional description. Narrative/detail shell is synthetic/demo; do not present as official institutional copy.
33,,,,"NIT Durgapur is included in the College Discovery MVP as a nit. This is seed/demo profile content; current programs, admissions, accreditation, facilities, fees and placements should be verified from authoritative sources.",,,,synthetic_demo,,,reviewed,Synthetic/demo overview only; not an official institutional description. Narrative/detail shell is synthetic/demo; do not present as official institutional copy.
1084,,,,"SVKM`s Narsee Monjee Institute of Management Studies is included in the College Discovery MVP as a university. This is seed/demo profile content; current programs, admissions, accreditation, facilities, fees and placements should be verified from authoritative sources.",,,,synthetic_demo,,,reviewed,Synthetic/demo overview only; not an official institutional description. Narrative/detail shell is synthetic/demo; do not present as official institutional copy.
47,,,,"NIT Silchar is included in the College Discovery MVP as a nit. This is seed/demo profile content; current programs, admissions, accreditation, facilities, fees and placements should be verified from authoritative sources.",,,,synthetic_demo,,,reviewed,Synthetic/demo overview only; not an official institutional description. Narrative/detail shell is synthetic/demo; do not present as official institutional copy.
1143,,,,"University of Jammu is included in the College Discovery MVP as a university. This is seed/demo profile content; current programs, admissions, accreditation, facilities, fees and placements should be verified from authoritative sources.",,,,synthetic_demo,,,reviewed,Synthetic/demo overview only; not an official institutional description. Narrative/detail shell is synthetic/demo; do not present as official institutional copy.
890,,,,"PSG College of Technology is included in the College Discovery MVP as a college. This is seed/demo profile content; current programs, admissions, accreditation, facilities, fees and placements should be verified from authoritative sources.",,,,synthetic_demo,,,reviewed,Synthetic/demo overview only; not an official institutional description. Narrative/detail shell is synthetic/demo; do not present as official institutional copy.
92,,,,"IIM Sirmaur is included in the College Discovery MVP as a iim. This is seed/demo profile content; current programs, admissions, accreditation, facilities, fees and placements should be verified from authoritative sources.",,,,synthetic_demo,,,reviewed,Synthetic/demo overview only; not an official institutional description. Narrative/detail shell is synthetic/demo; do not present as official institutional copy.
976,,,,"Sathyabama Institute of Science and Technology is included in the College Discovery MVP as a university. This is seed/demo profile content; current programs, admissions, accreditation, facilities, fees and placements should be verified from authoritative sources.",,,,synthetic_demo,,,reviewed,Synthetic/demo overview only; not an official institutional description. Narrative/detail shell is synthetic/demo; do not present as official institutional copy.
498,,,,"Graphic Era University is included in the College Discovery MVP as a university. This is seed/demo profile content; current programs, admissions, accreditation, facilities, fees and placements should be verified from authoritative sources.",,,,synthetic_demo,,,reviewed,Synthetic/demo overview only; not an official institutional description. Narrative/detail shell is synthetic/demo; do not present as official institutional copy.
676,,,,"King George`s Medical University is included in the College Discovery MVP as a university. This is seed/demo profile content; current programs, admissions, accreditation, facilities, fees and placements should be verified from authoritative sources.",,,,synthetic_demo,,,reviewed,Synthetic/demo overview only; not an official institutional description. Narrative/detail shell is synthetic/demo; do not present as official institutional copy.
42,,,,"NIT Patna is included in the College Discovery MVP as a nit. This is seed/demo profile content; current programs, admissions, accreditation, facilities, fees and placements should be verified from authoritative sources.",,,,synthetic_demo,,,reviewed,Synthetic/demo overview only; not an official institutional description. Narrative/detail shell is synthetic/demo; do not present as official institutional copy.
792,,,,"Mysore University is included in the College Discovery MVP as a university. This is seed/demo profile content; current programs, admissions, accreditation, facilities, fees and placements should be verified from authoritative sources.",,,,synthetic_demo,,,reviewed,Synthetic/demo overview only; not an official institutional description. Narrative/detail shell is synthetic/demo; do not present as official institutional copy.
97,,,,"BITS Hyderabad is included in the College Discovery MVP as a college. This is seed/demo profile content; current programs, admissions, accreditation, facilities, fees and placements should be verified from authoritative sources.",,,,synthetic_demo,,,reviewed,Synthetic/demo overview only; not an official institutional description. Narrative/detail shell is synthetic/demo; do not present as official institutional copy.
1052,,,,"Sri Ramachandra Institute of Higher Education and Research is included in the College Discovery MVP as a university. This is seed/demo profile content; current programs, admissions, accreditation, facilities, fees and placements should be verified from authoritative sources.",,,,synthetic_demo,,,reviewed,Synthetic/demo overview only; not an official institutional description. Narrative/detail shell is synthetic/demo; do not present as official institutional copy.
873,,,,"Periyar University is included in the College Discovery MVP as a university. This is seed/demo profile content; current programs, admissions, accreditation, facilities, fees and placements should be verified from authoritative sources.",,,,synthetic_demo,,,reviewed,Synthetic/demo overview only; not an official institutional description. Narrative/detail shell is synthetic/demo; do not present as official institutional copy.
319,,,,"COEP Pune is included in the College Discovery MVP as a college. This is seed/demo profile content; current programs, admissions, accreditation, facilities, fees and placements should be verified from authoritative sources.",,,,synthetic_demo,,,reviewed,Synthetic/demo overview only; not an official institutional description. Narrative/detail shell is synthetic/demo; do not present as official institutional copy.
23,,,,"IIT Tirupati is included in the College Discovery MVP as a iit. This is seed/demo profile content; current programs, admissions, accreditation, facilities, fees and placements should be verified from authoritative sources.",,,,synthetic_demo,,,reviewed,Synthetic/demo overview only; not an official institutional description. Narrative/detail shell is synthetic/demo; do not present as official institutional copy.
895,,,,"Punjab Agricultural University is included in the College Discovery MVP as a university. This is seed/demo profile content; current programs, admissions, accreditation, facilities, fees and placements should be verified from authoritative sources.",,,,synthetic_demo,,,reviewed,Synthetic/demo overview only; not an official institutional description. Narrative/detail shell is synthetic/demo; do not present as official institutional copy.
1097,,,,"Tata Institute of Social Sciences is included in the College Discovery MVP as a university. This is seed/demo profile content; current programs, admissions, accreditation, facilities, fees and placements should be verified from authoritative sources.",,,,synthetic_demo,,,reviewed,Synthetic/demo overview only; not an official institutional description. Narrative/detail shell is synthetic/demo; do not present as official institutional copy.
24,,,,"MANIT Bhopal is included in the College Discovery MVP as a nit. This is seed/demo profile content; current programs, admissions, accreditation, facilities, fees and placements should be verified from authoritative sources.",,,,synthetic_demo,,,reviewed,Synthetic/demo overview only; not an official institutional description. Narrative/detail shell is synthetic/demo; do not present as official institutional copy.
36,,,,"NIT Jalandhar is included in the College Discovery MVP as a nit. This is seed/demo profile content; current programs, admissions, accreditation, facilities, fees and placements should be verified from authoritative sources.",,,,synthetic_demo,,,reviewed,Synthetic/demo overview only; not an official institutional description. Narrative/detail shell is synthetic/demo; do not present as official institutional copy.
114,,,,"Acharya Nagarjuna University is included in the College Discovery MVP as a university. This is seed/demo profile content; current programs, admissions, accreditation, facilities, fees and placements should be verified from authoritative sources.",,,,synthetic_demo,,,reviewed,Synthetic/demo overview only; not an official institutional description. Narrative/detail shell is synthetic/demo; do not present as official institutional copy.
40,,,,"NIT Meghalaya is included in the College Discovery MVP as a nit. This is seed/demo profile content; current programs, admissions, accreditation, facilities, fees and placements should be verified from authoritative sources.",,,,synthetic_demo,,,reviewed,Synthetic/demo overview only; not an official institutional description. Narrative/detail shell is synthetic/demo; do not present as official institutional copy.
306,,,,"Christ University is included in the College Discovery MVP as a university. This is seed/demo profile content; current programs, admissions, accreditation, facilities, fees and placements should be verified from authoritative sources.",,,,synthetic_demo,,,reviewed,Synthetic/demo overview only; not an official institutional description. Narrative/detail shell is synthetic/demo; do not present as official institutional copy.
790,,,,"Mumbai University is included in the College Discovery MVP as a university. This is seed/demo profile content; current programs, admissions, accreditation, facilities, fees and placements should be verified from authoritative sources.",,,,synthetic_demo,,,reviewed,Synthetic/demo overview only; not an official institutional description. Narrative/detail shell is synthetic/demo; do not present as official institutional copy.
999,,,,"Shiv Nadar University is included in the College Discovery MVP as a university. This is seed/demo profile content; current programs, admissions, accreditation, facilities, fees and placements should be verified from authoritative sources.",,,,synthetic_demo,,,reviewed,Synthetic/demo overview only; not an official institutional description. Narrative/detail shell is synthetic/demo; do not present as official institutional copy.
26,,,,"MNNIT Allahabad is included in the College Discovery MVP as a nit. This is seed/demo profile content; current programs, admissions, accreditation, facilities, fees and placements should be verified from authoritative sources.",,,,synthetic_demo,,,reviewed,Synthetic/demo overview only; not an official institutional description. Narrative/detail shell is synthetic/demo; do not present as official institutional copy.
38,,,,"NIT Kurukshetra is included in the College Discovery MVP as a nit. This is seed/demo profile content; current programs, admissions, accreditation, facilities, fees and placements should be verified from authoritative sources.",,,,synthetic_demo,,,reviewed,Synthetic/demo overview only; not an official institutional description. Narrative/detail shell is synthetic/demo; do not present as official institutional copy.
59,,,,"IIIT Delhi is included in the College Discovery MVP as a iiit. This is seed/demo profile content; current programs, admissions, accreditation, facilities, fees and placements should be verified from authoritative sources.",,,https://www.iiitd.ac.in/,synthetic_demo,https://home.iitd.ac.in/,,reviewed,Synthetic/demo overview only; not an official institutional description. Narrative/detail shell is synthetic/demo; do not present as official institutional copy.
952,,,,"RV College of Engineering is included in the College Discovery MVP as a college. This is seed/demo profile content; current programs, admissions, accreditation, facilities, fees and placements should be verified from authoritative sources.",,,,synthetic_demo,,,reviewed,Synthetic/demo overview only; not an official institutional description. Narrative/detail shell is synthetic/demo; do not present as official institutional copy.
714,,,,"Madurai Kamaraj University is included in the College Discovery MVP as a university. This is seed/demo profile content; current programs, admissions, accreditation, facilities, fees and placements should be verified from authoritative sources.",,,,synthetic_demo,,,reviewed,Synthetic/demo overview only; not an official institutional description. Narrative/detail shell is synthetic/demo; do not present as official institutional copy.
76,,,,"IIM Amritsar is included in the College Discovery MVP as a iim. This is seed/demo profile content; current programs, admissions, accreditation, facilities, fees and placements should be verified from authoritative sources.",,,,synthetic_demo,,,reviewed,Synthetic/demo overview only; not an official institutional description. Narrative/detail shell is synthetic/demo; do not present as official institutional copy.
35,,,,"NIT Hamirpur is included in the College Discovery MVP as a nit. This is seed/demo profile content; current programs, admissions, accreditation, facilities, fees and placements should be verified from authoritative sources.",,,,synthetic_demo,,,reviewed,Synthetic/demo overview only; not an official institutional description. Narrative/detail shell is synthetic/demo; do not present as official institutional copy.
743,,,,"Manipal University, Jaipur is included in the College Discovery MVP as a university. This is seed/demo profile content; current programs, admissions, accreditation, facilities, fees and placements should be verified from authoritative sources.",,,,synthetic_demo,,,reviewed,Synthetic/demo overview only; not an official institutional description. Narrative/detail shell is synthetic/demo; do not present as official institutional copy.
220,,,,"Bennett University is included in the College Discovery MVP as a university. This is seed/demo profile content; current programs, admissions, accreditation, facilities, fees and placements should be verified from authoritative sources.",,,,synthetic_demo,,,reviewed,Synthetic/demo overview only; not an official institutional description. Narrative/detail shell is synthetic/demo; do not present as official institutional copy.
621,,,,"Jain University, Bangalore is included in the College Discovery MVP as a university. This is seed/demo profile content; current programs, admissions, accreditation, facilities, fees and placements should be verified from authoritative sources.",,,,synthetic_demo,,,reviewed,Synthetic/demo overview only; not an official institutional description. Narrative/detail shell is synthetic/demo; do not present as official institutional copy.
