program_id,exam_id,eligibility_scope,priority,source_type,verification_status,notes,exam_scope,admission_route,applicable_state
1,1,primary,1,curated,reviewed,Program-level default from supplied MVP specification.,national,entrance_exam,
1,2,conditional,2,curated,reviewed,Program-level default from supplied MVP specification.,national,entrance_exam,
1,3,conditional,3,curated,reviewed,Only where the participating institution/program explicitly accepts CUET-UG.,national,entrance_exam,
1,5,conditional,3,curated,reviewed,Only for participating state/institution routes.,state,entrance_exam,Maharashtra
1,6,conditional,3,curated,reviewed,Only for participating state/institution routes.,state,entrance_exam,Karnataka
1,7,conditional,3,curated,reviewed,Only for participating state/institution routes.,state,entrance_exam,West Bengal
1,8,conditional,3,curated,reviewed,Only for participating state/institution routes.,consortium,entrance_exam,
1,9,conditional,3,curated,reviewed,Only for participating state/institution routes.,state,entrance_exam,Andhra Pradesh
1,10,conditional,3,curated,reviewed,Only for participating state/institution routes.,state,entrance_exam,Telangana
1,11,conditional,3,curated,reviewed,Only for participating state/institution routes.,state,entrance_exam,Odisha
1,12,conditional,3,curated,reviewed,Only for participating state/institution routes.,state,entrance_exam,Kerala
1,13,conditional,3,curated,reviewed,Only for participating state/institution routes.,institution,entrance_exam,
1,14,conditional,3,curated,reviewed,Only for participating state/institution routes.,institution,entrance_exam,
1,15,conditional,3,curated,reviewed,Only for participating state/institution routes.,institution,entrance_exam,
1,16,conditional,3,curated,reviewed,Only for participating state/institution routes.,institution,entrance_exam,
2,1,primary,1,curated,reviewed,Program-level default from supplied MVP specification.,national,entrance_exam,
2,2,conditional,2,curated,reviewed,Program-level default from supplied MVP specification.,national,entrance_exam,
2,3,conditional,3,curated,reviewed,Only where the participating institution/program explicitly accepts CUET-UG.,national,entrance_exam,
2,5,conditional,3,curated,reviewed,Only for participating state/institution routes.,state,entrance_exam,Maharashtra
2,6,conditional,3,curated,reviewed,Only for participating state/institution routes.,state,entrance_exam,Karnataka
2,7,conditional,3,curated,reviewed,Only for participating state/institution routes.,state,entrance_exam,West Bengal
2,8,conditional,3,curated,reviewed,Only for participating state/institution routes.,consortium,entrance_exam,
2,9,conditional,3,curated,reviewed,Only for participating state/institution routes.,state,entrance_exam,Andhra Pradesh
2,10,conditional,3,curated,reviewed,Only for participating state/institution routes.,state,entrance_exam,Telangana
2,11,conditional,3,curated,reviewed,Only for participating state/institution routes.,state,entrance_exam,Odisha
2,12,conditional,3,curated,reviewed,Only for participating state/institution routes.,state,entrance_exam,Kerala
2,13,conditional,3,curated,reviewed,Only for participating state/institution routes.,institution,entrance_exam,
2,14,conditional,3,curated,reviewed,Only for participating state/institution routes.,institution,entrance_exam,
2,15,conditional,3,curated,reviewed,Only for participating state/institution routes.,institution,entrance_exam,
2,16,conditional,3,curated,reviewed,Only for participating state/institution routes.,institution,entrance_exam,
3,33,primary,1,curated,reviewed,Program-level default from supplied MVP specification.,national,entrance_exam,
3,4,conditional,3,curated,reviewed,Only where explicitly accepted.,national,entrance_exam,
4,33,primary,1,curated,reviewed,Program-level default from supplied MVP specification.,national,entrance_exam,
4,4,conditional,3,curated,reviewed,Only where explicitly accepted.,national,entrance_exam,
5,5,conditional,2,curated,reviewed,Program-level default from supplied MVP specification.,state,entrance_exam,Maharashtra
5,6,conditional,2,curated,reviewed,Program-level default from supplied MVP specification.,state,entrance_exam,Karnataka
5,7,conditional,2,curated,reviewed,Program-level default from supplied MVP specification.,state,entrance_exam,West Bengal
5,11,conditional,2,curated,reviewed,Program-level default from supplied MVP specification.,state,entrance_exam,Odisha
6,29,primary,1,curated,reviewed,Program-level default from supplied MVP specification.,national,entrance_exam,
6,1,conditional,2,curated,reviewed,JEE Main Paper 2 where applicable.,national,entrance_exam,
7,17,primary,1,curated,reviewed,Program-level default from supplied MVP specification.,national,entrance_exam,
7,18,primary,2,curated,reviewed,Program-level default from supplied MVP specification.,national,entrance_exam,
7,19,primary,2,curated,reviewed,Program-level default from supplied MVP specification.,national,entrance_exam,
7,20,conditional,2,curated,reviewed,Program-level default from supplied MVP specification.,national,entrance_exam,
7,21,conditional,2,curated,reviewed,Program-level default from supplied MVP specification.,national,entrance_exam,
7,22,conditional,2,curated,reviewed,Program-level default from supplied MVP specification.,national,entrance_exam,
8,17,primary,1,curated,reviewed,Program-level default from supplied MVP specification.,national,entrance_exam,
8,18,conditional,2,curated,reviewed,Program-level default from supplied MVP specification.,national,entrance_exam,
8,19,conditional,2,curated,reviewed,Program-level default from supplied MVP specification.,national,entrance_exam,
8,20,conditional,3,curated,reviewed,Program-level default from supplied MVP specification.,national,entrance_exam,
8,21,conditional,3,curated,reviewed,Program-level default from supplied MVP specification.,national,entrance_exam,
9,3,conditional,1,curated,reviewed,Program-level default from supplied MVP specification.,national,entrance_exam,
9,24,conditional,2,curated,reviewed,Only for participating integrated/management programs.,institution,entrance_exam,
10,3,conditional,1,curated,reviewed,Program-level default from supplied MVP specification.,national,entrance_exam,
10,24,conditional,2,curated,reviewed,Only for participating integrated/management programs.,institution,entrance_exam,
11,22,conditional,1,curated,reviewed,Program-level default from supplied MVP specification.,national,entrance_exam,
11,23,conditional,2,curated,reviewed,Program-level default from supplied MVP specification.,national,entrance_exam,
12,4,conditional,2,curated,reviewed,Program-level default from supplied MVP specification.,national,entrance_exam,
13,3,conditional,1,curated,reviewed,Only where accepted by the institution/program.,national,entrance_exam,
14,3,conditional,1,curated,reviewed,Only where accepted by the institution/program.,national,entrance_exam,
16,3,conditional,1,curated,reviewed,Only where accepted by the institution/program.,national,entrance_exam,
17,3,conditional,1,curated,reviewed,Only where accepted by the institution/program.,national,entrance_exam,
22,3,conditional,1,curated,reviewed,Only where accepted by the institution/program.,national,entrance_exam,
23,3,conditional,1,curated,reviewed,Only where accepted by the institution/program.,national,entrance_exam,
25,3,conditional,1,curated,reviewed,Only where accepted by the institution/program.,national,entrance_exam,
15,4,conditional,1,curated,reviewed,Only where accepted by the institution/program.,national,entrance_exam,
18,4,conditional,1,curated,reviewed,Only where accepted by the institution/program.,national,entrance_exam,
20,4,conditional,1,curated,reviewed,Only where accepted by the institution/program.,national,entrance_exam,
24,4,conditional,1,curated,reviewed,Only where accepted by the institution/program.,national,entrance_exam,
19,3,conditional,2,curated,reviewed,Only where accepted; institution aptitude/portfolio may be used.,national,entrance_exam,
21,3,conditional,2,curated,reviewed,Only where accepted.,national,entrance_exam,
26,25,primary,1,curated,reviewed,Program-level default from supplied MVP specification.,national,entrance_exam,
27,25,primary,1,curated,reviewed,Program-level default from supplied MVP specification.,national,entrance_exam,
28,25,conditional,1,curated,reviewed,NEET-UG where applicable to the program/admission system.,national,entrance_exam,
29,25,conditional,1,curated,reviewed,NEET-UG where applicable to the program/admission system.,national,entrance_exam,
30,25,conditional,2,curated,reviewed,Only where the applicable program/admission system requires it.,national,entrance_exam,
31,25,conditional,2,curated,reviewed,Only where the applicable program/admission system requires it.,national,entrance_exam,
32,25,conditional,2,curated,reviewed,Only where the applicable program/admission system requires it.,national,entrance_exam,
33,27,conditional,2,curated,reviewed,Do not assume CLAT unless the institution says so.,national,entrance_exam,
34,27,primary,1,curated,reviewed,Program-level default from supplied MVP specification.,national,entrance_exam,
34,28,conditional,2,curated,reviewed,Participating institutions only.,institution,entrance_exam,
35,27,primary,1,curated,reviewed,Program-level default from supplied MVP specification.,national,entrance_exam,
35,28,conditional,2,curated,reviewed,Participating institutions only.,institution,entrance_exam,
36,27,primary,1,curated,reviewed,Program-level default from supplied MVP specification.,national,entrance_exam,
36,28,conditional,2,curated,reviewed,Participating institutions only.,institution,entrance_exam,
37,4,conditional,2,curated,reviewed,Where accepted by the institution/program.,national,entrance_exam,
38,30,conditional,1,curated,reviewed,Program-level default from supplied MVP specification.,national,entrance_exam,
38,31,conditional,2,curated,reviewed,Program-level default from supplied MVP specification.,institution,entrance_exam,
38,32,conditional,2,curated,reviewed,Program-level default from supplied MVP specification.,institution,entrance_exam,
38,3,conditional,3,curated,reviewed,Program-level default from supplied MVP specification.,national,entrance_exam,
39,31,conditional,1,curated,reviewed,Program-level default from supplied MVP specification.,institution,entrance_exam,
39,30,conditional,2,curated,reviewed,Program-level default from supplied MVP specification.,national,entrance_exam,
40,32,conditional,1,curated,reviewed,Program-level default from supplied MVP specification.,institution,entrance_exam,
41,30,conditional,2,curated,reviewed,Program-level default from supplied MVP specification.,national,entrance_exam,
41,31,conditional,2,curated,reviewed,Program-level default from supplied MVP specification.,institution,entrance_exam,
42,31,conditional,2,curated,reviewed,Program-level default from supplied MVP specification.,institution,entrance_exam,
43,33,conditional,2,curated,reviewed,Institution/program-specific routes may differ.,national,entrance_exam,
44,29,conditional,2,curated,reviewed,Architecture/planning rules are institution/state-specific.,national,entrance_exam,
45,29,conditional,2,curated,reviewed,Architecture/planning rules are institution/state-specific.,national,entrance_exam,
48,25,conditional,3,curated,reviewed,Only where explicitly applicable; otherwise use state/university/institution routes and merit.,national,entrance_exam,
49,25,conditional,3,curated,reviewed,Only where explicitly applicable; otherwise use state/university/institution routes and merit.,national,entrance_exam,
50,25,conditional,3,curated,reviewed,Only where explicitly applicable; otherwise use state/university/institution routes and merit.,national,entrance_exam,
51,25,conditional,3,curated,reviewed,Only where explicitly applicable; otherwise use state/university/institution routes and merit.,national,entrance_exam,
52,3,conditional,2,curated,reviewed,CUET-UG/PG or institution route where accepted.,national,entrance_exam,
53,3,conditional,2,curated,reviewed,CUET-UG/PG or institution route where accepted.,national,entrance_exam,
54,3,conditional,2,curated,reviewed,CUET-UG/PG or institution route where accepted.,national,entrance_exam,
53,4,conditional,2,curated,reviewed,CUET-PG where accepted; university/institution route otherwise.,national,entrance_exam,
33,34,primary,1,official,verified,"Institution-specific route; applies to NLSIU 3-year LL.B., not a universal LLB exam.",institution,entrance_exam,
