id,name,code,source_type,verification_status,notes
1,Andaman and Nicobar Islands,,public_dataset,reviewed,Canonical state/UT dimension derived from supplied location tables.
2,Andhra Pradesh,,public_dataset,reviewed,Canonical state/UT dimension derived from supplied location tables.
3,Arunachal Pradesh,,public_dataset,reviewed,Canonical state/UT dimension derived from supplied location tables.
4,Assam,,public_dataset,reviewed,Canonical state/UT dimension derived from supplied location tables.
5,Bihar,,public_dataset,reviewed,Canonical state/UT dimension derived from supplied location tables.
6,Chandigarh,,public_dataset,reviewed,Canonical state/UT dimension derived from supplied location tables.
7,Chhattisgarh,,public_dataset,reviewed,Canonical state/UT dimension derived from supplied location tables.
8,Dadra and Nagar Haveli and Daman and Diu,,public_dataset,reviewed,Canonical state/UT dimension derived from supplied location tables.
9,Delhi,,public_dataset,reviewed,Canonical state/UT dimension derived from supplied location tables.
10,Goa,,public_dataset,reviewed,Canonical state/UT dimension derived from supplied location tables.
11,Gujarat,,public_dataset,reviewed,Canonical state/UT dimension derived from supplied location tables.
12,Haryana,,public_dataset,reviewed,Canonical state/UT dimension derived from supplied location tables.
13,Himachal Pradesh,,public_dataset,reviewed,Canonical state/UT dimension derived from supplied location tables.
14,Jammu and Kashmir,,public_dataset,reviewed,Canonical state/UT dimension derived from supplied location tables.
15,Jharkhand,,public_dataset,reviewed,Canonical state/UT dimension derived from supplied location tables.
16,Karnataka,,public_dataset,reviewed,Canonical state/UT dimension derived from supplied location tables.
17,Kerala,,public_dataset,reviewed,Canonical state/UT dimension derived from supplied location tables.
18,Ladakh,,public_dataset,reviewed,Canonical state/UT dimension derived from supplied location tables.
19,Lakshadweep,,public_dataset,reviewed,Canonical state/UT dimension derived from supplied location tables.
20,Madhya Pradesh,,public_dataset,reviewed,Canonical state/UT dimension derived from supplied location tables.
21,Maharashtra,,public_dataset,reviewed,Canonical state/UT dimension derived from supplied location tables.
22,Manipur,,public_dataset,reviewed,Canonical state/UT dimension derived from supplied location tables.
23,Meghalaya,,public_dataset,reviewed,Canonical state/UT dimension derived from supplied location tables.
24,Mizoram,,public_dataset,reviewed,Canonical state/UT dimension derived from supplied location tables.
25,Nagaland,,public_dataset,reviewed,Canonical state/UT dimension derived from supplied location tables.
26,Odisha,,public_dataset,reviewed,Canonical state/UT dimension derived from supplied location tables.
27,Puducherry,,public_dataset,reviewed,Canonical state/UT dimension derived from supplied location tables.
28,Punjab,,public_dataset,reviewed,Canonical state/UT dimension derived from supplied location tables.
29,Rajasthan,,public_dataset,reviewed,Canonical state/UT dimension derived from supplied location tables.
30,Sikkim,,public_dataset,reviewed,Canonical state/UT dimension derived from supplied location tables.
31,Tamil Nadu,,public_dataset,reviewed,Canonical state/UT dimension derived from supplied location tables.
32,Telangana,,public_dataset,reviewed,Canonical state/UT dimension derived from supplied location tables.
33,Tripura,,public_dataset,reviewed,Canonical state/UT dimension derived from supplied location tables.
34,Uttar Pradesh,,public_dataset,reviewed,Canonical state/UT dimension derived from supplied location tables.
35,Uttarakhand,,public_dataset,reviewed,Canonical state/UT dimension derived from supplied location tables.
36,West Bengal,,public_dataset,reviewed,Canonical state/UT dimension derived from supplied location tables.
37,Jammu & Kashmir,,public_dataset,reviewed,Canonical state/UT dimension derived from supplied location tables.
38,Delhi NCR,,public_dataset,reviewed,Canonical state/UT dimension derived from supplied location tables.
39,Jammu,,public_dataset,reviewed,Canonical state/UT dimension derived from supplied location tables.
40,Andaman,,public_dataset,reviewed,Canonical state/UT dimension derived from supplied location tables.
41,Daman,,public_dataset,reviewed,Canonical state/UT dimension derived from supplied location tables.
42,Dadra,,public_dataset,reviewed,Canonical state/UT dimension derived from supplied location tables.
