id,slug,name,description,icon_key,display_order,is_active,source_type,source_url,source_checked_at,verification_status,notes,label,filter_group
1,engineering,Engineering,Engineering programs and relevant colleges in the MVP taxonomy.,engineering,1,true,curated,College Discovery Platform - Data & Filtering Specification,,reviewed,Seeded from the supplied MVP data specification.,Engineering,technical
2,management,Management,Management programs and relevant colleges in the MVP taxonomy.,management,2,true,curated,College Discovery Platform - Data & Filtering Specification,,reviewed,Seeded from the supplied MVP data specification.,Management,business
3,commerce,Commerce,Commerce programs and relevant colleges in the MVP taxonomy.,commerce,3,true,curated,College Discovery Platform - Data & Filtering Specification,,reviewed,Seeded from the supplied MVP data specification.,Commerce,business
4,arts-humanities,Arts & Humanities,Arts & Humanities programs and relevant colleges in the MVP taxonomy.,arts_humanities,4,true,curated,College Discovery Platform - Data & Filtering Specification,,reviewed,Seeded from the supplied MVP data specification.,Arts & Humanities,humanities
5,science,Science,Science programs and relevant colleges in the MVP taxonomy.,science,5,true,curated,College Discovery Platform - Data & Filtering Specification,,reviewed,Seeded from the supplied MVP data specification.,Science,science
6,medicine-health,Medicine & Health,Medicine & Health programs and relevant colleges in the MVP taxonomy.,medicine_health,6,true,curated,College Discovery Platform - Data & Filtering Specification,,reviewed,Seeded from the supplied MVP data specification.,Medicine & Health,healthcare
7,law,Law,Law programs and relevant colleges in the MVP taxonomy.,law,7,true,curated,College Discovery Platform - Data & Filtering Specification,,reviewed,Seeded from the supplied MVP data specification.,Law,law
8,design-creative,Design & Creative,Design & Creative programs and relevant colleges in the MVP taxonomy.,design_creative,8,true,curated,College Discovery Platform - Data & Filtering Specification,,reviewed,Seeded from the supplied MVP data specification.,Design & Creative,creative
9,architecture-planning,Architecture & Planning,Architecture & Planning programs and relevant colleges in the MVP taxonomy.,architecture_planning,9,true,curated,College Discovery Platform - Data & Filtering Specification,,reviewed,Seeded from the supplied MVP data specification.,Architecture & Planning,built_environment
10,computer-applications,Computer Applications,Computer Applications programs and relevant colleges in the MVP taxonomy.,computer_applications,10,true,curated,College Discovery Platform - Data & Filtering Specification,,reviewed,Seeded from the supplied MVP data specification.,Computer Applications,computing
11,pharmacy,Pharmacy,Pharmacy programs and relevant colleges in the MVP taxonomy.,pharmacy,11,true,curated,College Discovery Platform - Data & Filtering Specification,,reviewed,Seeded from the supplied MVP data specification.,Pharmacy,healthcare
12,education,Education,Education programs and relevant colleges in the MVP taxonomy.,education,12,true,curated,College Discovery Platform - Data & Filtering Specification,,reviewed,Seeded from the supplied MVP data specification.,Education,education
