study_goal_id,program_id,source_type,verification_status,notes,display_order,is_primary
1,1,curated,reviewed,Canonical goal-program seed from supplied MVP taxonomy.,1,true
1,2,curated,reviewed,Canonical goal-program seed from supplied MVP taxonomy.,2,true
1,5,curated,reviewed,Canonical goal-program seed from supplied MVP taxonomy.,3,false
1,3,curated,reviewed,Canonical goal-program seed from supplied MVP taxonomy.,4,false
1,4,curated,reviewed,Canonical goal-program seed from supplied MVP taxonomy.,5,false
2,7,curated,reviewed,Canonical goal-program seed from supplied MVP taxonomy.,1,true
2,8,curated,reviewed,Canonical goal-program seed from supplied MVP taxonomy.,2,true
2,9,curated,reviewed,Canonical goal-program seed from supplied MVP taxonomy.,3,true
2,10,curated,reviewed,Canonical goal-program seed from supplied MVP taxonomy.,4,false
2,11,curated,reviewed,Canonical goal-program seed from supplied MVP taxonomy.,5,false
2,12,curated,reviewed,Canonical goal-program seed from supplied MVP taxonomy.,6,false
3,13,curated,reviewed,Canonical goal-program seed from supplied MVP taxonomy.,1,true
3,14,curated,reviewed,Canonical goal-program seed from supplied MVP taxonomy.,2,true
3,15,curated,reviewed,Canonical goal-program seed from supplied MVP taxonomy.,3,true
4,16,curated,reviewed,Canonical goal-program seed from supplied MVP taxonomy.,1,true
4,17,curated,reviewed,Canonical goal-program seed from supplied MVP taxonomy.,2,true
4,18,curated,reviewed,Canonical goal-program seed from supplied MVP taxonomy.,3,false
4,19,curated,reviewed,Canonical goal-program seed from supplied MVP taxonomy.,4,false
4,20,curated,reviewed,Canonical goal-program seed from supplied MVP taxonomy.,5,false
4,21,curated,reviewed,Canonical goal-program seed from supplied MVP taxonomy.,6,false
5,22,curated,reviewed,Canonical goal-program seed from supplied MVP taxonomy.,1,true
5,23,curated,reviewed,Canonical goal-program seed from supplied MVP taxonomy.,2,true
5,24,curated,reviewed,Canonical goal-program seed from supplied MVP taxonomy.,3,false
5,25,curated,reviewed,Canonical goal-program seed from supplied MVP taxonomy.,4,false
6,26,curated,reviewed,Canonical goal-program seed from supplied MVP taxonomy.,1,true
6,27,curated,reviewed,Canonical goal-program seed from supplied MVP taxonomy.,2,false
6,28,curated,reviewed,Canonical goal-program seed from supplied MVP taxonomy.,3,false
6,29,curated,reviewed,Canonical goal-program seed from supplied MVP taxonomy.,4,false
6,30,curated,reviewed,Canonical goal-program seed from supplied MVP taxonomy.,5,false
6,31,curated,reviewed,Canonical goal-program seed from supplied MVP taxonomy.,6,false
6,32,curated,reviewed,Canonical goal-program seed from supplied MVP taxonomy.,7,false
7,33,curated,reviewed,Canonical goal-program seed from supplied MVP taxonomy.,1,true
7,34,curated,reviewed,Canonical goal-program seed from supplied MVP taxonomy.,2,true
7,35,curated,reviewed,Canonical goal-program seed from supplied MVP taxonomy.,3,false
7,36,curated,reviewed,Canonical goal-program seed from supplied MVP taxonomy.,4,false
7,37,curated,reviewed,Canonical goal-program seed from supplied MVP taxonomy.,5,false
8,38,curated,reviewed,Canonical goal-program seed from supplied MVP taxonomy.,1,true
8,39,curated,reviewed,Canonical goal-program seed from supplied MVP taxonomy.,2,false
8,40,curated,reviewed,Canonical goal-program seed from supplied MVP taxonomy.,3,false
8,41,curated,reviewed,Canonical goal-program seed from supplied MVP taxonomy.,4,false
8,42,curated,reviewed,Canonical goal-program seed from supplied MVP taxonomy.,5,false
9,6,curated,reviewed,Canonical goal-program seed from supplied MVP taxonomy.,1,true
9,43,curated,reviewed,Canonical goal-program seed from supplied MVP taxonomy.,2,false
9,44,curated,reviewed,Canonical goal-program seed from supplied MVP taxonomy.,3,false
9,45,curated,reviewed,Canonical goal-program seed from supplied MVP taxonomy.,4,false
10,46,curated,reviewed,Canonical goal-program seed from supplied MVP taxonomy.,1,true
10,47,curated,reviewed,Canonical goal-program seed from supplied MVP taxonomy.,2,false
11,48,curated,reviewed,Canonical goal-program seed from supplied MVP taxonomy.,1,true
11,49,curated,reviewed,Canonical goal-program seed from supplied MVP taxonomy.,2,false
11,50,curated,reviewed,Canonical goal-program seed from supplied MVP taxonomy.,3,false
11,51,curated,reviewed,Canonical goal-program seed from supplied MVP taxonomy.,4,false
12,52,curated,reviewed,Canonical goal-program seed from supplied MVP taxonomy.,1,true
12,53,curated,reviewed,Canonical goal-program seed from supplied MVP taxonomy.,2,false
12,54,curated,reviewed,Canonical goal-program seed from supplied MVP taxonomy.,3,false
